Workbook

Sheet Mode d'emploi
A1: EBIOS RM · Atelier 5 : traitement du risque · Orséa Banque
A2: Pour chaque risque : niveau actuel (mesures existantes), stratégie de traitement, mesures prévues, niveau résiduel et acceptation par le propriétaire du risque (ISO 27001, clause 6.1.3 f).
A3: Seule M_01 (authentification forte des clients) est en place aujourd'hui : c'est la seule mesure existante. Les autres sont prévues dans le plan de traitement.
A4: Cellules en bleu : cotations saisies. Niveaux calculés : V + G ≥ 7 = Élevé, 5 ou 6 = Moyen, ≤ 4 = Faible.

Sheet Traitement des risques
A1: Risque | B1: Scénario | C1: V actuelle | D1: G actuelle | E1: Niveau actuel | F1: Stratégie | G1: Mesures existantes | H1: Mesures prévues | I1: V résiduelle | J1: G résiduelle | K1: Niveau résiduel | L1: Propriétaire du risque | M1: Décision | N1: Justification
A2: CA_01 | B2: Fraude aux paiements par phishing des clients | C2: 4 | D2: 4 | E2: =IF(C2+D2>=7,"Élevé",IF(C2+D2>=5,"Moyen","Faible")) -> Élevé | F2: Réduire | G2: M_01 | H2: M_02, M_03, M_04, M_05, M_16, M_19, M_20 | I2: 2 | J2: 3 | K2: =IF(I2+J2>=7,"Élevé",IF(I2+J2>=5,"Moyen","Faible")) -> Moyen | L2: Directeur des opérations bancaires | M2: Acceptation du risque résiduel | N2: Les mesures dans l'appli (alertes, délai de 24h, détection des connexions, validation des coordonnées) empêchent l'exploitation d'identifiants volés ; la surveillance des transactions détecte la fraude. V4 → V2 ; G4 → G3 grâce à la détection précoce.
A3: CA_02 | B3: Compromission du processeur de paiement | C3: 2 | D3: 4 | E3: =IF(C3+D3>=7,"Élevé",IF(C3+D3>=5,"Moyen","Faible")) -> Moyen | F3: Transférer | G3: Aucune | H3: M_09, M_16, M_21 | I3: 2 | J3: 3 | K3: =IF(I3+J3>=7,"Élevé",IF(I3+J3>=5,"Moyen","Faible")) -> Moyen | L3: DSI | M3: Acceptation du risque résiduel | N3: Orséa ne maîtrise pas la sécurité du prestataire : l'impact financier est transféré par l'assurance, les clauses DORA imposent sécurité, audit et notification. Vraisemblance inchangée ; G4 → G3.
A4: CA_03 | B4: Rançongiciel via phishing des collaborateurs | C4: 3 | D4: 4 | E4: =IF(C4+D4>=7,"Élevé",IF(C4+D4>=5,"Moyen","Faible")) -> Élevé | F4: Réduire | G4: Aucune | H4: M_12, M_13, M_14, M_15, M_16 | I4: 1 | J4: 3 | K4: =IF(I4+J4>=7,"Élevé",IF(I4+J4>=5,"Moyen","Faible")) -> Faible | L4: DSI | M4: Acceptation du risque résiduel | N4: La sensibilisation réduit le clic, le MFA et l'EDR bloquent l'élévation de privilèges et le déploiement, les sauvegardes immuables permettent la restauration. V3 → V1 ; G4 → G3.
A5: CA_04 | B5: Rançongiciel via l'éditeur du core banking | C5: 2 | D5: 4 | E5: =IF(C5+D5>=7,"Élevé",IF(C5+D5>=5,"Moyen","Faible")) -> Moyen | F5: Réduire | G5: Aucune | H5: M_09, M_10, M_12, M_13, M_14, M_16 | I5: 1 | J5: 3 | K5: =IF(I5+J5>=7,"Élevé",IF(I5+J5>=5,"Moyen","Faible")) -> Faible | L5: DSI | M5: Acceptation du risque résiduel | N5: Les clauses DORA encadrent l'éditeur, les tests en préproduction détectent une mise à jour piégée, le MFA et l'EDR limitent l'intrusion, les sauvegardes garantissent la restauration. V2 → V1 ; G4 → G3.
A6: CA_05 | B6: Agent du support corrompu | C6: 3 | D6: 4 | E6: =IF(C6+D6>=7,"Élevé",IF(C6+D6>=5,"Moyen","Faible")) -> Élevé | F6: Réduire | G6: Aucune | H6: M_06, M_07, M_08, M_14, M_19, M_22, M_23 | I6: 2 | J6: 3 | K6: =IF(I6+J6>=7,"Élevé",IF(I6+J6>=5,"Moyen","Faible")) -> Moyen | L6: Directeur de la conformité | M6: Acceptation du risque résiduel | N6: Le moindre privilège et la validation à quatre yeux limitent ce qu'un agent peut faire seul ; la journalisation et le SOC détectent les accès anormaux ; les clauses engagent le prestataire. V3 → V2 ; G4 → G3.
A7: CA_06 | B7: Comptes ouverts pour blanchir de l'argent | C7: 3 | D7: 4 | E7: =IF(C7+D7>=7,"Élevé",IF(C7+D7>=5,"Moyen","Faible")) -> Élevé | F7: Réduire | G7: Aucune | H7: M_17, M_18, M_19, M_20 | I7: 2 | J7: 3 | K7: =IF(I7+J7>=7,"Élevé",IF(I7+J7>=5,"Moyen","Faible")) -> Moyen | L7: Directeur de la conformité | M7: Acceptation du risque résiduel | N7: Le KYC renforcé bloque les fausses identités, les plafonds limitent les montants, la surveillance LCB-FT détecte les flux de transit. V3 → V2 ; G4 → G3.
A8: CA_07 | B8: Clients recrutés comme mules | C8: 4 | D8: 4 | E8: =IF(C8+D8>=7,"Élevé",IF(C8+D8>=5,"Moyen","Faible")) -> Élevé | F8: Réduire | G8: M_01 | H8: M_03, M_18, M_19, M_20 | I8: 2 | J8: 3 | K8: =IF(I8+J8>=7,"Élevé",IF(I8+J8>=5,"Moyen","Faible")) -> Moyen | L8: Directeur de la conformité | M8: Acceptation du risque résiduel | N8: Le KYC ne bloque pas ce scénario car le titulaire est réel. La prévention réduit le recrutement, la surveillance LCB-FT détecte les flux, le délai et les plafonds limitent les montants. V4 → V2 ; G4 → G3.

Sheet Synthèse
A1: Niveau | B1: Avant traitement | C1: Après traitement
A2: Élevé | B2: =COUNTIF('Traitement des risques'!$E$2:$E$8,A2) -> 5 | C2: =COUNTIF('Traitement des risques'!$K$2:$K$8,A2) -> 0
A3: Moyen | B3: =COUNTIF('Traitement des risques'!$E$2:$E$8,A3) -> 2 | C3: =COUNTIF('Traitement des risques'!$K$2:$K$8,A3) -> 5
A4: Faible | B4: =COUNTIF('Traitement des risques'!$E$2:$E$8,A4) -> 0 | C4: =COUNTIF('Traitement des risques'!$K$2:$K$8,A4) -> 2
A5: Total | B5: =SUM(B2:B4) -> 7 | C5: =SUM(C2:C4) -> 7

Sheet Référentiel des mesures
A1: Mesure | B1: Intitulé | C1: Risques traités
A2: M_01 | B2: Authentification forte des clients | C2: CA_01, CA_07
A3: M_02 | B3: Alertes anti-phishing dans l'appli et campagnes de sensibilisation | C3: CA_01
A4: M_03 | B4: Délai de sécurité de 24h avant le premier virement vers un nouveau bénéficiaire | C4: CA_01, CA_07
A5: M_04 | B5: Détection des connexions inhabituelles | C5: CA_01
A6: M_05 | B6: Validation par les clients de tout changement de coordonnées | C6: CA_01
A7: M_06 | B7: Moindre privilège des agents du support | C7: CA_05
A8: M_07 | B8: Journalisation et revue des actions du support | C8: CA_05
A9: M_08 | B9: Clauses de sécurité du prestataire de support | C9: CA_05
A10: M_09 | B10: Clauses contractuelles DORA | C10: CA_02, CA_04
A11: M_10 | B11: Test des mises à jour en préproduction | C11: CA_04
A12: M_12 | B12: MFA sur les comptes administrateurs | C12: CA_03, CA_04
... A23: M_23 | B23: Journalisation et surveillance des actions privilégiées | C23: CA_05
